imagen,categor√≠a,deteccion,Familia
00068ee5e4632cf05be16306f00aa51b.jpg,Diptera,no_detection,Scrophulariaceae
0065808ec8a40acb4dbaf1a855045a1b.jpg,Bee,no_detection,Dipsacaceae
00720ef5141a225e95a973c785e5292b.jpg,Bee,Wasp,Ranunculaceae
01204afe7194a9a98cd57bb629877716.jpg,Bee,no_detection,Lamiaceae
013461eac6df1374f282d1678c79e26b.jpg,Bee,no_detection,Papaveraceae
027f39558776c5ae38f2fb7f3e552eb7.jpg,Bee,Bee,Asteraceae
02d56963d2a4e726e275a8762774a0c0.jpg,Bee,Wasp,Rosaceae
058d6d6120112fa571d3d2f4701d4247.jpg,Bee,Bee,Asteraceae
069cd8d61907b3277452b74b606af186.jpg,Bee,Bee,Asteraceae
077bffb11c5ead6c18fcfaf277f6eff6.jpg,Bee,no_detection,Fabaceae
0b5df3a07badcde3ab145c3ed3e3ba1c.jpg,Bee,Bee,Asteraceae
0c09f4425b04542faaecf557c6665551.jpg,Bee,Bee,Convolvulaceae
0d281b9916d7d22f9496394555166c11.jpg,Bee,no_detection,Fabaceae
0eaa34168e028c8e13c5ceedcda9197a.jpg,Bee,Bee,Ericaceae
0f240c416b93e7ab9d7245aedb436064.jpg,Bee,Bee,Fabaceae
1372c16e0fd98308eaa7093e3755089c.jpg,Bee,no_detection,Oxalidaceae
13edd164b8c45d69ca19aef7ecd402b7.jpg,Bee,Bee,Aizoaceae
13edd164b8c45d69ca19aef7ecd402b7.jpg,Bee,Bee,Aizoaceae
162b7cce9ff678c60f6781b725369af4.jpg,Bee,Bee,Lamiaceae
1997394105f5c1f386977162eb1e8f7b.jpg,Bee,no_detection,Orchidaceae
1ac587b6ee689727de2c5e89845d38b8.jpg,Bee,Bee,Orobanchaceae
1b95755fbeb101b594839b99e325e950.jpg,Bee,Bee,Ericaceae
1f52bc2f955f2fa6742edecffd2a0406.jpg,Lepidoptera,Lepidoptera,Fabaceae
20.04.22.39.JPG,Diptera,Diptera,Asteraceae
20.04.22.39.JPG,Diptera,Diptera,Asteraceae
20.04.23.36.JPG,Diptera,Diptera,Asteraceae
20.04.23.41.JPG,Diptera,Diptera,Asteraceae
20.04.23.56.JPG,Diptera,Diptera,Asteraceae
20210317_122450.jpg,Bee,no_detection,Asteraceae
20210317_122455.jpg,Bee,Bee,Asteraceae
20210317_122459.jpg,Bee,Bee,Asteraceae
20210317_122512.jpg,Bee,Bee,Asteraceae
20210329_113145.jpg,Lepidoptera,no_detection,Boraginaceae
20210329_113146.jpg,Lepidoptera,no_detection,Boraginaceae
20210329_113149.jpg,Lepidoptera,Lepidoptera,Boraginaceae
20210329_113151.jpg,Lepidoptera,no_detection,Boraginaceae
20210329_113153.jpg,Lepidoptera,Lepidoptera,Boraginaceae
20210329_113154.jpg,Lepidoptera,Lepidoptera,Boraginaceae
20210329_113155.jpg,Lepidoptera,Lepidoptera,Boraginaceae
20210329_113201.jpg,Lepidoptera,Lepidoptera,Boraginaceae
20210329_113203.jpg,Lepidoptera,Lepidoptera,Boraginaceae
20210329_113208.jpg,Lepidoptera,no_detection,Boraginaceae
20210329_113209.jpg,Lepidoptera,no_detection,Boraginaceae
20210329_113211.jpg,Lepidoptera,no_detection,Boraginaceae
20210329_113212.jpg,Lepidoptera,no_detection,Boraginaceae
20210329_113216.jpg,Lepidoptera,no_detection,Boraginaceae
20210329_113217.jpg,Lepidoptera,no_detection,Boraginaceae
20210329_113220.jpg,Lepidoptera,Lepidoptera,Boraginaceae
20210329_113221.jpg,Lepidoptera,Lepidoptera,Boraginaceae
20210329_113222.jpg,Lepidoptera,no_detection,Boraginaceae
20210329_155251.jpg,Lepidoptera,no_detection,Fabaceae
20210329_155251.jpg,Lepidoptera,no_detection,Fabaceae
20210329_155254.jpg,Lepidoptera,Lepidoptera,Fabaceae
20210329_155254.jpg,Lepidoptera,Lepidoptera,Fabaceae
20210329_155326.jpg,Lepidoptera,no_detection,Fabaceae
20210329_155326.jpg,Lepidoptera,no_detection,Fabaceae
20210330_101734.jpg,Lepidoptera,no_detection,Plantaginaceae
20210330_101736.jpg,Lepidoptera,no_detection,Plantaginaceae
20210330_101747.jpg,Lepidoptera,no_detection,Plantaginaceae
20210427_181737.jpg,Bee,Bee,Boraginaceae
20210427_181739.jpg,Bee,Bee,Boraginaceae
20210427_181742.jpg,Bee,no_detection,Boraginaceae
21.04.01.00.JPG,Coleoptera,no_detection,Fabaceae
21.04.03.11.JPG,Coleoptera,Coleoptera,Asphodelaceae
21.04.03.11.JPG,Coleoptera,Coleoptera,Asphodelaceae
21.04.03.11.JPG,Coleoptera,Coleoptera,Asphodelaceae
21.04.23.38.JPG,Diptera,Diptera,Asteraceae
21.04.23.38.JPG,Coleoptera,Diptera,Asteraceae
21.04.23.38.JPG,Coleoptera,Diptera,Asteraceae
2165b5581d00f7c526990efc9605bed5.jpg,Bee,no_detection,Thymelaeaceae
22.04.00.27.JPG,Diptera,Diptera,Asteraceae
22.04.01.34.JPG,Hoverfly,Hoverfly,Scrophulariaceae
22.04.22.02.JPG,Bee,Bee,Fabaceae
22.04.22.21.JPG,Coleoptera,Coleoptera,Iridaceae
22.04.22.21.JPG,Coleoptera,Coleoptera,Iridaceae
22.04.22.29.JPG,Coleoptera,Coleoptera,Asteraceae
22.04.22.29.JPG,Others,Coleoptera,Asteraceae
22.04.22.4.JPG,Diptera,no_detection,Apiaceae
22.04.23.32.JPG,Coleoptera,Coleoptera,Asteraceae
26d6d716804f141608c359bec3625e0a.jpg,Bee,no_detection,Rosaceae
287012fdaf0e8ff1e97f7c9579088970.jpg,Bee,Bee,Lamiaceae
2ce49d9479037c1f414282fb2d85c850.jpg,Bee,Bee,Boraginaceae
2e39c1b400285413ca147ed6defaa1f9.jpg,Bee,no_detection,Apiaceae
2ebbf33cf74c75c73849323eb7f1d5c3.jpg,Bee,Bee,Asteraceae
2ec6d2e122182d913f4e8e3d4df5a656.jpg,Bee,Bee,Asteraceae
30b4bc3d184f38e63a97104b20409011.jpg,Bee,Bee,Lamiaceae
324a82256aef8c1a1ebd3804a4bab4d6.jpg,Bee,Bee,Lamiaceae
34b066203e09e2c819528a5f6795e229.jpg,Bee,Wasp,Fabaceae
3655516f25b881621c9fb852419da389.jpg,Bee,no_detection,Plantaginaceae
3a23873a106a448c305805863ac3da3c.jpg,Bee,Bee,Orobanchaceae
3c231eae5a58e8c1e47cef5b57608d7c.jpg,Bee,no_detection,Rosaceae
3c231eae5a58e8c1e47cef5b57608d7c.jpg,Bee,no_detection,Rosaceae
3e121e0513e0a1ced832ddc048cc2fee.jpg,Bee,Bee,Asteraceae
3f2ec3daab6886a2c9b04c3f0e5fc2f7.jpg,Bee,Wasp,Fabaceae
3ff32890d553d29bb37790a1a0098aaf.jpg,Bee,Others,Asteraceae
48aee96e54c2f401fd7adec67871f06a.jpg,Bee,Bee,Asteraceae
4bc6ef688d8151d35d2efe7b6faf3817.jpg,Bee,no_detection,Asteraceae
4f84a7eba86d754c75667898a4650729.jpg,Diptera,Diptera,Asteraceae
564f935f6da77a423a3927e6d249d6a7.jpg,Bee,Wasp,Lamiaceae
57ede0ac92dace69adb2e79e4aa3de04.jpg,Coleoptera,no_detection,Fabaceae
5f76e82d08b64bd79394ee11d725047d.jpg,Bee,Bee,Fabaceae
5mp_010421_17_24_22_748295.jpg,Lepidoptera,Lepidoptera,Malvaceae
5mp_010421_17_24_27_975996.jpg,Lepidoptera,Lepidoptera,Malvaceae
5mp_010421_17_24_29_215933.jpg,Lepidoptera,Lepidoptera,Malvaceae
5mp_010421_17_24_30_460404.jpg,Lepidoptera,Lepidoptera,Malvaceae
5mp_010421_17_24_31_676323.jpg,Lepidoptera,Lepidoptera,Malvaceae
5mp_010421_17_24_32_907456.jpg,Lepidoptera,Lepidoptera,Malvaceae
5mp_010421_17_24_36_834534.jpg,Lepidoptera,Lepidoptera,Malvaceae
5mp_010421_17_24_38_120387.jpg,Lepidoptera,Lepidoptera,Malvaceae
5mp_010421_17_40_30_653964.jpg,Diptera,no_detection,Malvaceae
5mp_010421_17_40_31_971081.jpg,Diptera,no_detection,Malvaceae
5mp_010421_17_40_33_481011.jpg,Diptera,no_detection,Malvaceae
5mp_010421_17_40_34_777126.jpg,Diptera,no_detection,Malvaceae
5mp_010421_17_40_36_033661.jpg,Diptera,no_detection,Malvaceae
5mp_010421_18_32_47_571194.jpg,Diptera,no_detection,Malvaceae
5mp_010421_18_32_48_885286.jpg,Diptera,no_detection,Malvaceae
5mp_010421_18_32_50_022349.jpg,Diptera,no_detection,Malvaceae
5mp_010421_19_14_42_872523.jpg,Diptera,no_detection,Malvaceae
5mp_010421_19_14_44_183201.jpg,Diptera,no_detection,Malvaceae
5mp_010421_19_14_48_091454.jpg,Diptera,no_detection,Malvaceae
5mp_010421_19_14_49_322441.jpg,Diptera,no_detection,Malvaceae
5mp_010421_19_14_50_564860.jpg,Diptera,no_detection,Malvaceae
5mp_010421_19_14_51_808070.jpg,Diptera,no_detection,Malvaceae
5mp_010421_19_37_17_497836.jpg,Lepidoptera,no_detection,Malvaceae
5mp_010421_19_37_18_741341.jpg,Lepidoptera,no_detection,Malvaceae
5mp_010421_20_14_37_796137.jpg,Lepidoptera,no_detection,Malvaceae
5mp_010421_20_14_40_331502.jpg,Lepidoptera,Lepidoptera,Malvaceae
5mp_010421_20_14_41_612428.jpg,Lepidoptera,Lepidoptera,Malvaceae
5mp_010421_20_14_42_903676.jpg,Lepidoptera,Lepidoptera,Malvaceae
5mp_010421_20_14_44_216681.jpg,Lepidoptera,no_detection,Malvaceae
5mp_010421_20_14_46_709170.jpg,Lepidoptera,no_detection,Malvaceae
5mp_010421_20_14_47_902668.jpg,Lepidoptera,Lepidoptera,Malvaceae
5mp_010421_20_14_49_207085.jpg,Lepidoptera,no_detection,Malvaceae
5mp_010421_20_14_50_315647.jpg,Lepidoptera,Lepidoptera,Malvaceae
5mp_010421_20_14_54_234312.jpg,Lepidoptera,Lepidoptera,Malvaceae
5mp_010421_20_14_55_526734.jpg,Lepidoptera,Lepidoptera,Malvaceae
5mp_010421_20_42_10_229486.jpg,Others,no_detection,Malvaceae
5mp_060520_11_12_02_095340.jpg,Bee,Bee,Asteraceae
5mp_160421_01_40_24_491039.jpg,Lepidoptera,Lepidoptera,Malvaceae
5mp_160421_01_40_27_078414.jpg,Lepidoptera,Lepidoptera,Malvaceae
5mp_160421_01_40_28_368401.jpg,Lepidoptera,no_detection,Malvaceae
5mp_160421_01_41_39_051749.jpg,Lepidoptera,no_detection,Malvaceae
5mp_160421_01_52_42_914170.jpg,Lepidoptera,Lepidoptera,Malvaceae
5mp_160421_01_54_13_594394.jpg,Lepidoptera,no_detection,Malvaceae
5mp_160421_02_02_40_683209.jpg,Lepidoptera,no_detection,Malvaceae
5mp_160421_02_31_32_753085.jpg,Lepidoptera,Lepidoptera,Malvaceae
5mp_160421_02_31_35_359278.jpg,Lepidoptera,Lepidoptera,Malvaceae
5mp_160421_02_31_38_016607.jpg,Lepidoptera,Lepidoptera,Malvaceae
5mp_160421_02_40_09_278474.jpg,Lepidoptera,Lepidoptera,Malvaceae
5mp_300521_09_20_37_120757.jpg,Coleoptera,no_detection,Lamiaceae
5mp_300521_09_20_39_607899.jpg,Coleoptera,no_detection,Lamiaceae
5mp_300521_09_20_42_093552.jpg,Coleoptera,no_detection,Lamiaceae
5mp_300521_09_20_43_336358.jpg,Coleoptera,no_detection,Lamiaceae
5mp_300521_09_20_45_823222.jpg,Coleoptera,no_detection,Lamiaceae
5mp_300521_09_20_47_066543.jpg,Coleoptera,no_detection,Lamiaceae
5mp_300521_09_20_50_799793.jpg,Coleoptera,no_detection,Lamiaceae
5mp_300521_09_20_54_521931.jpg,Coleoptera,no_detection,Lamiaceae
5mp_300521_09_20_55_767389.jpg,Coleoptera,no_detection,Lamiaceae
5mp_300521_09_20_59_499450.jpg,Coleoptera,no_detection,Lamiaceae
5mp_300521_09_21_00_740792.jpg,Coleoptera,no_detection,Lamiaceae
5mp_300521_09_21_01_985095.jpg,Coleoptera,Coleoptera,Lamiaceae
5mp_300521_09_21_05_736569.jpg,Coleoptera,no_detection,Lamiaceae
5mp_300521_09_21_08_338858.jpg,Coleoptera,no_detection,Lamiaceae
5mp_300521_09_21_09_653579.jpg,Coleoptera,no_detection,Lamiaceae
5mp_300521_09_21_10_968278.jpg,Coleoptera,no_detection,Lamiaceae
5mp_300521_09_21_12_287784.jpg,Coleoptera,no_detection,Lamiaceae
5mp_300521_09_21_13_601778.jpg,Coleoptera,no_detection,Lamiaceae
5mp_300521_09_21_14_920267.jpg,Coleoptera,no_detection,Lamiaceae
5mp_300521_09_21_17_478949.jpg,Coleoptera,no_detection,Lamiaceae
5mp_300521_09_21_20_121615.jpg,Coleoptera,no_detection,Lamiaceae
5mp_300521_09_21_23_225167.jpg,Coleoptera,no_detection,Lamiaceae
5mp_300521_09_21_24_464885.jpg,Coleoptera,no_detection,Lamiaceae
5mp_300521_09_21_26_953813.jpg,Coleoptera,no_detection,Lamiaceae
5mp_300521_09_22_47_516452.jpg,Coleoptera,no_detection,Lamiaceae
5mp_300521_09_22_48_760241.jpg,Coleoptera,no_detection,Lamiaceae
5mp_300521_09_22_51_250653.jpg,Coleoptera,no_detection,Lamiaceae
5mp_300521_09_22_52_492507.jpg,Coleoptera,no_detection,Lamiaceae
5mp_300521_09_23_22_648009.jpg,Coleoptera,no_detection,Lamiaceae
5mp_300521_09_23_30_109990.jpg,Bee,no_detection,Lamiaceae
5mp_300521_09_23_30_109990.jpg,Coleoptera,no_detection,Lamiaceae
5mp_300521_09_24_39_795021.jpg,Coleoptera,Coleoptera,Lamiaceae
5mp_300521_09_34_47_293295.jpg,Others,no_detection,Lamiaceae
5mp_300521_09_34_49_780818.jpg,Others,no_detection,Lamiaceae
5mp_300521_09_35_21_717647.jpg,Lepidoptera,no_detection,Lamiaceae
5mp_300521_09_35_22_924501.jpg,Lepidoptera,Lepidoptera,Lamiaceae
5mp_300521_09_35_24_229643.jpg,Lepidoptera,Lepidoptera,Lamiaceae
5mp_300521_09_35_28_484548.jpg,Lepidoptera,no_detection,Lamiaceae
5mp_300521_09_35_28_484548.jpg,Coleoptera,no_detection,Lamiaceae
5mp_300521_09_35_28_484548.jpg,Bee,no_detection,Lamiaceae
5mp_300521_09_35_29_833408.jpg,Bee,no_detection,Lamiaceae
5mp_300521_09_35_29_833408.jpg,Coleoptera,no_detection,Lamiaceae
5mp_300521_09_35_29_833408.jpg,Lepidoptera,no_detection,Lamiaceae
5mp_300521_09_35_32_318718.jpg,Lepidoptera,no_detection,Lamiaceae
5mp_300521_09_35_32_318718.jpg,Coleoptera,no_detection,Lamiaceae
5mp_300521_09_35_38_536107.jpg,Lepidoptera,Lepidoptera,Lamiaceae
5mp_300521_10_18_10_432026.jpg,Lepidoptera,Lepidoptera,Lamiaceae
5mp_300521_10_18_18_263447.jpg,Lepidoptera,Lepidoptera,Lamiaceae
5mp_300521_10_18_21_884715.jpg,Lepidoptera,Lepidoptera,Lamiaceae
5mp_300521_10_18_24_379181.jpg,Lepidoptera,Lepidoptera,Lamiaceae
5mp_300521_10_18_26_883502.jpg,Lepidoptera,Lepidoptera,Lamiaceae
5mp_300521_10_18_33_330220.jpg,Lepidoptera,Lepidoptera,Lamiaceae
5mp_300521_10_18_35_904880.jpg,Lepidoptera,Lepidoptera,Lamiaceae
5mp_300521_10_31_40_492265.jpg,Others,no_detection,Lamiaceae
5mp_300521_10_47_03_816025.jpg,Bee,no_detection,Asteraceae
5mp_300521_10_47_13_397794.jpg,Bee,no_detection,Asteraceae
5mp_300521_10_47_14_715733.jpg,Bee,no_detection,Asteraceae
62c546430a62d7fe526ef0358eb91672.jpg,Coleoptera,Coleoptera,Asteraceae
637c841c7cb0525e578445422e1d9329.jpg,Bee,Bee,Hypericaceae
640f73b60d56f6e2af83493ff485d151.jpg,Bee,no_detection,Lamiaceae
66b1201b26e79da45b95ba6474669cc4.jpg,Bee,no_detection,Fabaceae
66b4f44e33ed67d960ed350d077a9490.jpg,Lepidoptera,no_detection,Fabaceae
6be80c3d5e9d709df99439cf1b59e356.jpg,Bee,Bee,Fabaceae
6df46f393dcacdd94d48a381086c6305.jpg,Diptera,Diptera,Convolvulaceae
6e30b9b890bc9789c1458cfb12990419.jpg,Bee,Bee,Convolvulaceae
6f662f35c5ac8f792c2d034b208f00d9.jpg,Bee,Bee,Fabaceae
6f7888ef92e52ffd0a1100ca17a46fc0.jpg,Bee,no_detection,Fabaceae
740ce4fe007b597d098230b437c58dba.jpg,Bee,Wasp,Asphodelaceae
7865163b3f91ae7f9644e0c4909cc9cb.jpg,Bee,Bee,Asteraceae
78eec75a9c410c224f8e21b5ab2947e4.jpg,Bee,no_detection,Fabaceae
7b9dc123dcc301d02adf793306e9f0a7.jpg,Wasp,Wasp,Convolvulaceae
7c3df8f626e0b7b0bbe62c4c28c4df33.jpg,Bee,Lepidoptera,Lamiaceae
7faca31a698fe4e571c74d4147256093.jpg,Wasp,Wasp,Asphodelaceae
83b302967d5def0f03f3a0fe16e466e7.jpg,Others,no_detection,Euphorbiaceae
860640806bd7fcfc3f584b4e251c3cb3.jpg,Diptera,no_detection,Asteraceae
8b08a93a1c8bcb8d99818f749dedd44a.jpg,Bee,no_detection,Fabaceae
8b1e8adb12864ca965d35f2eccc42bc2.jpg,Bee,no_detection,Lamiaceae
8e772006613c18762f60efc1978520a5.jpg,Bee,Bee,Asteraceae
8mp_020620_10_22_38_638722.jpg,Diptera,Diptera,Vitaceae
8mp_020620_10_22_39_631426.jpg,Diptera,Diptera,Vitaceae
8mp_020620_10_22_40_554328.jpg,Diptera,Diptera,Vitaceae
8mp_020620_10_22_42_241397.jpg,Diptera,no_detection,Vitaceae
8mp_020620_10_22_44_023351.jpg,Diptera,no_detection,Vitaceae
8mp_020620_10_22_44_785819.jpg,Diptera,no_detection,Vitaceae
8mp_020620_10_22_44_785819.jpg,Bee,no_detection,Vitaceae
8mp_020620_10_22_48_286490.jpg,Diptera,no_detection,Vitaceae
8mp_020620_10_22_49_863327.jpg,Diptera,Diptera,Vitaceae
8mp_020620_10_22_50_595143.jpg,Diptera,Diptera,Vitaceae
8mp_020620_10_22_50_595143.jpg,Bee,Diptera,Vitaceae
8mp_020620_10_22_51_635958.jpg,Diptera,Diptera,Vitaceae
8mp_020620_10_22_51_635958.jpg,Bee,Diptera,Vitaceae
8mp_020620_10_22_53_160634.jpg,Diptera,no_detection,Vitaceae
8mp_020620_10_22_53_160634.jpg,Bee,no_detection,Vitaceae
8mp_020620_10_22_55_650124.jpg,Bee,Diptera,Vitaceae
8mp_020620_10_22_55_650124.jpg,Diptera,Diptera,Vitaceae
8mp_020620_10_22_56_453548.jpg,Diptera,Diptera,Vitaceae
8mp_020620_10_22_56_453548.jpg,Bee,Diptera,Vitaceae
8mp_020620_10_22_58_494082.jpg,Diptera,Diptera,Vitaceae
8mp_020620_10_23_01_733955.jpg,Bee,Diptera,Vitaceae
8mp_020620_10_23_01_733955.jpg,Diptera,Diptera,Vitaceae
8mp_020620_10_23_02_685433.jpg,Diptera,Diptera,Vitaceae
8mp_020620_10_23_02_685433.jpg,Bee,Diptera,Vitaceae
8mp_020620_10_23_11_080691.jpg,Diptera,no_detection,Vitaceae
8mp_020620_10_23_11_829469.jpg,Bee,no_detection,Vitaceae
8mp_020620_10_23_11_829469.jpg,Bee,no_detection,Vitaceae
8mp_020620_10_23_11_829469.jpg,Diptera,no_detection,Vitaceae
8mp_020620_10_23_12_630382.jpg,Bee,Diptera,Vitaceae
8mp_020620_10_23_12_630382.jpg,Diptera,Diptera,Vitaceae
8mp_020620_10_23_13_624043.jpg,Bee,Diptera,Vitaceae
8mp_020620_10_23_13_624043.jpg,Diptera,Diptera,Vitaceae
8mp_020620_10_23_15_150802.jpg,Diptera,Diptera,Vitaceae
8mp_020620_10_23_16_121349.jpg,Diptera,Diptera,Vitaceae
8mp_020620_10_23_17_797984.jpg,Bee,Diptera,Vitaceae
8mp_020620_10_23_17_797984.jpg,Diptera,Diptera,Vitaceae
8mp_020620_10_44_36_569833.jpg,Others,no_detection,Vitaceae
8mp_020620_10_44_36_569833.jpg,Bee,no_detection,Vitaceae
8mp_020620_10_44_39_177043.jpg,Bee,no_detection,Vitaceae
8mp_020620_10_44_39_177043.jpg,Bee,no_detection,Vitaceae
8mp_020620_10_44_39_177043.jpg,Others,no_detection,Vitaceae
8mp_020620_10_44_40_210360.jpg,Bee,no_detection,Vitaceae
8mp_020620_10_44_40_210360.jpg,Bee,no_detection,Vitaceae
8mp_020620_10_44_40_210360.jpg,Others,no_detection,Vitaceae
8mp_020620_10_44_45_806958.jpg,Bee,no_detection,Vitaceae
8mp_020620_10_44_45_806958.jpg,Others,no_detection,Vitaceae
8mp_020620_10_53_46_735637.jpg,Others,no_detection,Vitaceae
8mp_020620_10_55_03_905440.jpg,Others,Others,Vitaceae
8mp_020620_10_55_21_939848.jpg,Bee,no_detection,Vitaceae
8mp_020620_10_55_21_939848.jpg,Others,no_detection,Vitaceae
8mp_020620_10_56_24_757230.jpg,Bee,Others,Vitaceae
8mp_020620_10_56_24_757230.jpg,Bee,Others,Vitaceae
8mp_020620_10_56_24_757230.jpg,Others,Others,Vitaceae
8mp_020620_10_59_05_908581.jpg,Others,Others,Vitaceae
8mp_020620_10_59_31_337468.jpg,Bee,no_detection,Vitaceae
8mp_020620_10_59_31_337468.jpg,Others,no_detection,Vitaceae
8mp_020620_10_59_57_638405.jpg,Others,no_detection,Vitaceae
8mp_020620_11_05_08_408354.jpg,Bee,no_detection,Vitaceae
8mp_020620_11_05_08_408354.jpg,Others,no_detection,Vitaceae
8mp_020620_11_05_08_408354.jpg,Bee,no_detection,Vitaceae
8mp_020620_11_05_13_298278.jpg,Bee,no_detection,Vitaceae
8mp_020620_11_05_13_298278.jpg,Others,no_detection,Vitaceae
8mp_020620_11_05_13_298278.jpg,Others,no_detection,Vitaceae
8mp_020620_11_05_15_467286.jpg,Bee,no_detection,Vitaceae
8mp_020620_11_05_15_467286.jpg,Others,no_detection,Vitaceae
8mp_020620_11_05_16_417265.jpg,Bee,Others,Vitaceae
8mp_020620_11_05_16_417265.jpg,Others,Others,Vitaceae
8mp_020620_11_05_16_417265.jpg,Others,Others,Vitaceae
8mp_020620_11_07_39_552955.jpg,Bee,Others,Vitaceae
8mp_020620_11_07_39_552955.jpg,Bee,Others,Vitaceae
8mp_020620_11_07_39_552955.jpg,Others,Others,Vitaceae
8mp_020620_11_07_39_552955.jpg,Others,Others,Vitaceae
8mp_020620_11_07_48_690746.jpg,Bee,no_detection,Vitaceae
8mp_020620_11_07_48_690746.jpg,Others,no_detection,Vitaceae
8mp_020620_11_07_58_406416.jpg,Bee,no_detection,Vitaceae
8mp_020620_11_07_58_406416.jpg,Others,no_detection,Vitaceae
8mp_020620_11_10_34_643357.jpg,Others,no_detection,Vitaceae
8mp_020620_11_10_34_643357.jpg,Bee,no_detection,Vitaceae
8mp_020620_11_11_51_049831.jpg,Bee,Others,Vitaceae
8mp_020620_11_11_51_049831.jpg,Bee,Others,Vitaceae
8mp_020620_11_11_51_049831.jpg,Others,Others,Vitaceae
8mp_020620_11_14_04_825525.jpg,Bee,Others,Vitaceae
8mp_020620_11_14_04_825525.jpg,Others,Others,Vitaceae
8mp_020620_11_16_17_329653.jpg,Bee,Bee,Vitaceae
8mp_020620_11_16_42_079851.jpg,Bee,no_detection,Vitaceae
8mp_020620_11_17_07_303938.jpg,Bee,Others,Vitaceae
8mp_020620_11_17_07_303938.jpg,Others,Others,Vitaceae
8mp_020620_11_17_07_303938.jpg,Others,Others,Vitaceae
8mp_020620_11_18_21_352569.jpg,Bee,no_detection,Vitaceae
8mp_020620_11_18_21_352569.jpg,Bee,no_detection,Vitaceae
8mp_020620_11_18_23_265974.jpg,Bee,no_detection,Vitaceae
8mp_020620_11_18_26_925478.jpg,Bee,Bee,Vitaceae
8mp_020620_11_18_27_776213.jpg,Bee,Bee,Vitaceae
8mp_020620_11_18_28_010263.jpg,Bee,no_detection,Vitaceae
8mp_020620_11_18_28_624915.jpg,Bee,Hoverfly,Vitaceae
8mp_020620_11_18_29_450236.jpg,Bee,Bee,Vitaceae
8mp_020620_11_18_30_916726.jpg,Bee,Bee,Vitaceae
8mp_020620_11_18_31_572817.jpg,Bee,Bee,Vitaceae
8mp_020620_11_18_32_567527.jpg,Bee,no_detection,Vitaceae
8mp_020620_11_18_33_345326.jpg,Bee,no_detection,Vitaceae
8mp_020620_11_18_34_069330.jpg,Bee,Bee,Vitaceae
8mp_020620_11_21_23_274268.jpg,Others,Others,Vitaceae
8mp_020620_11_23_12_127961.jpg,Bee,Others,Vitaceae
8mp_020620_11_23_12_127961.jpg,Bee,Others,Vitaceae
8mp_020620_11_23_12_127961.jpg,Bee,Others,Vitaceae
8mp_020620_11_23_12_127961.jpg,Others,Others,Vitaceae
8mp_020620_11_23_34_459860.jpg,Bee,no_detection,Vitaceae
8mp_020620_11_23_34_459860.jpg,Others,no_detection,Vitaceae
8mp_020620_11_23_36_199020.jpg,Bee,Others,Vitaceae
8mp_020620_11_23_36_199020.jpg,Others,Others,Vitaceae
8mp_020620_11_25_02_310349.jpg,Others,no_detection,Vitaceae
8mp_020620_11_25_02_310349.jpg,Bee,no_detection,Vitaceae
8mp_020620_11_26_35_067536.jpg,Bee,no_detection,Vitaceae
8mp_020620_11_26_35_067536.jpg,Others,no_detection,Vitaceae
8mp_020620_11_33_00_849045.jpg,Bee,no_detection,Vitaceae
8mp_020620_11_38_54_100046.jpg,Bee,Bee,Vitaceae
8mp_020620_11_38_54_951989.jpg,Bee,Bee,Vitaceae
8mp_020620_11_38_55_779250.jpg,Bee,Bee,Vitaceae
8mp_020620_11_38_56_745791.jpg,Bee,Bee,Vitaceae
8mp_060520_11_10_59_813025.jpg,Bee,Bee,Asteraceae
8mp_060520_12_22_43_741851.jpg,Bee,Bee,Asteraceae
8mp_060520_12_22_44_522860.jpg,Bee,Bee,Asteraceae
8mp_060520_14_23_37_062942.jpg,Bee,Bee,Asteraceae
8mp_070520_12_00_06_346377.jpg,Coleoptera,no_detection,Asteraceae
8mp_070520_12_01_37_364683.jpg,Bee,no_detection,Asteraceae
8mp_070520_12_01_52_620432.jpg,Bee,Bee,Asteraceae
8mp_080520_11_30_03_045497.jpg,Others,Others,Asteraceae
8mp_080520_11_30_04_800585.jpg,Others,Others,Asteraceae
8mp_080520_11_30_04_800585.jpg,Bee,Others,Asteraceae
8mp_080520_11_30_05_532566.jpg,Bee,no_detection,Asteraceae
8mp_080520_11_34_08_896116.jpg,Others,Bee,Asteraceae
8mp_080520_12_08_27_373696.jpg,Bee,Bee,Asteraceae
8mp_080520_12_08_30_618160.jpg,Bee,Bee,Asteraceae
8mp_080520_13_28_08_212181.jpg,Bee,Bee,Asteraceae
8mp_080520_13_30_17_597615.jpg,Bee,Bee,Asteraceae
8mp_080520_13_32_48_502404.jpg,Bee,Bee,Asteraceae
8mp_080520_13_32_49_331968.jpg,Bee,Bee,Asteraceae
8mp_080520_13_33_00_161676.jpg,Bee,Bee,Asteraceae
8mp_080520_13_33_56_611654.jpg,Bee,Bee,Asteraceae
8mp_080520_13_33_57_443319.jpg,Bee,Bee,Asteraceae
8mp_110520_11_25_33_559020.jpg,Bee,Bee,Asteraceae
8mp_110520_11_25_34_374324.jpg,Bee,Bee,Asteraceae
8mp_110520_11_42_23_984624.jpg,Bee,Bee,Asteraceae
8mp_110520_11_43_16_489376.jpg,Bee,no_detection,Asteraceae
8mp_110520_11_43_17_509464.jpg,Bee,no_detection,Asteraceae
8mp_110520_11_43_19_440401.jpg,Bee,no_detection,Asteraceae
8mp_110520_11_51_54_629240.jpg,Others,no_detection,Asteraceae
8mp_110520_11_51_57_912988.jpg,Others,no_detection,Asteraceae
8mp_110520_11_53_41_414114.jpg,Wasp,Wasp,Asteraceae
8mp_120520_11_51_37_345554.jpg,Bee,Bee,Asteraceae
8mp_120520_11_51_38_181504.jpg,Bee,Bee,Asteraceae
8mp_120520_11_51_39_841129.jpg,Bee,Bee,Asteraceae
8mp_120520_11_56_36_925971.jpg,Diptera,Diptera,Asteraceae
8mp_120520_11_56_37_601989.jpg,Diptera,Diptera,Asteraceae
8mp_120520_11_56_39_256448.jpg,Diptera,Diptera,Asteraceae
8mp_120520_11_56_40_906931.jpg,Diptera,Diptera,Asteraceae
8mp_120520_11_56_42_576119.jpg,Diptera,Diptera,Asteraceae
8mp_120520_11_58_39_748146.jpg,Others,Others,Asteraceae
8mp_120520_11_58_43_118024.jpg,Others,no_detection,Asteraceae
8mp_120520_11_58_45_099424.jpg,Others,Others,Asteraceae
8mp_120520_11_58_50_343538.jpg,Others,no_detection,Asteraceae
8mp_120520_11_58_51_281349.jpg,Others,no_detection,Asteraceae
8mp_120520_11_59_06_269897.jpg,Others,Others,Asteraceae
8mp_120520_11_59_07_209239.jpg,Others,no_detection,Asteraceae
8mp_120520_11_59_07_960953.jpg,Others,Others,Asteraceae
8mp_120520_11_59_08_976422.jpg,Others,Others,Asteraceae
8mp_120520_11_59_11_559873.jpg,Others,no_detection,Asteraceae
8mp_120520_11_59_12_556288.jpg,Others,no_detection,Asteraceae
8mp_120520_11_59_29_898049.jpg,Others,no_detection,Asteraceae
8mp_120520_11_59_30_670688.jpg,Others,no_detection,Asteraceae
8mp_120520_11_59_31_617407.jpg,Others,no_detection,Asteraceae
8mp_120520_11_59_34_094618.jpg,Others,Others,Asteraceae
8mp_120520_11_59_35_816536.jpg,Others,no_detection,Asteraceae
8mp_120520_11_59_36_577436.jpg,Others,no_detection,Asteraceae
8mp_120520_11_59_55_768173.jpg,Bee,no_detection,Asteraceae
8mp_120520_12_05_52_624665.jpg,Bee,no_detection,Asteraceae
8mp_120520_12_09_30_188105.jpg,Bee,Bee,Asteraceae
8mp_120520_12_09_31_025965.jpg,Bee,Bee,Asteraceae
8mp_120520_12_19_34_434210.jpg,Others,Others,Asteraceae
8mp_120520_12_21_00_274774.jpg,Bee,Bee,Asteraceae
8mp_120520_12_21_00_274774.jpg,Others,Bee,Asteraceae
8mp_120520_12_21_02_771286.jpg,Bee,no_detection,Asteraceae
8mp_120520_12_21_02_771286.jpg,Others,no_detection,Asteraceae
8mp_120520_13_21_02_494846.jpg,Others,no_detection,Asteraceae
8mp_120520_13_21_03_352074.jpg,Others,no_detection,Asteraceae
8mp_120520_13_21_10_970983.jpg,Others,no_detection,Asteraceae
8mp_120520_13_21_11_807705.jpg,Others,Others,Asteraceae
8mp_120520_13_21_14_662937.jpg,Others,no_detection,Asteraceae
8mp_120520_13_21_18_999215.jpg,Others,Others,Asteraceae
8mp_120520_13_21_20_514113.jpg,Others,Others,Asteraceae
8mp_120520_13_21_25_603040.jpg,Others,no_detection,Asteraceae
8mp_120520_13_24_32_857456.jpg,Bee,no_detection,Asteraceae
8mp_120520_13_24_32_857456.jpg,Others,no_detection,Asteraceae
8mp_120520_13_24_44_130252.jpg,Bee,no_detection,Asteraceae
8mp_120520_13_24_45_150590.jpg,Bee,no_detection,Asteraceae
8mp_130520_14_08_27_324580.jpg,Bee,Bee,Asteraceae
8mp_130520_14_08_28_178356.jpg,Bee,Bee,Asteraceae
8mp_130520_14_08_29_021580.jpg,Bee,Bee,Asteraceae
8mp_130520_14_08_29_848877.jpg,Bee,Bee,Asteraceae
8mp_160620_14_00_28_911430.jpg,Bee,no_detection,Vitaceae
8mp_160620_14_00_39_657183.jpg,Bee,no_detection,Vitaceae
8mp_160620_14_00_40_627573.jpg,Bee,no_detection,Vitaceae
8mp_160620_14_00_43_921773.jpg,Bee,no_detection,Vitaceae
8mp_160620_14_10_55_135670.jpg,Bee,no_detection,Vitaceae
8mp_160620_14_10_56_097831.jpg,Bee,no_detection,Vitaceae
8mp_190520_11_14_01_173561.jpg,Bee,Bee,Asphodelaceae
8mp_190520_11_20_34_474255.jpg,Bee,no_detection,Asphodelaceae
8mp_190520_11_20_56_545742.jpg,Bee,Bee,Asphodelaceae
8mp_190520_11_21_01_517616.jpg,Diptera,Diptera,Asphodelaceae
8mp_190520_11_21_02_952697.jpg,Diptera,Diptera,Asphodelaceae
8mp_190520_11_21_03_656475.jpg,Diptera,Diptera,Asphodelaceae
8mp_190520_11_21_06_735009.jpg,Diptera,Diptera,Asphodelaceae
8mp_190520_11_46_40_667476.jpg,Bee,Bee,Asphodelaceae
8mp_190520_11_46_42_125550.jpg,Bee,Bee,Asphodelaceae
8mp_190520_11_46_42_976634.jpg,Bee,Bee,Asphodelaceae
8mp_190520_11_46_44_351028.jpg,Bee,Bee,Asphodelaceae
8mp_190520_11_46_45_125570.jpg,Bee,Bee,Asphodelaceae
8mp_190520_11_46_45_789258.jpg,Bee,Bee,Asphodelaceae
8mp_190520_11_46_47_267818.jpg,Bee,Bee,Asphodelaceae
8mp_190520_11_46_48_635998.jpg,Bee,Bee,Asphodelaceae
8mp_190520_11_46_49_410436.jpg,Bee,Bee,Asphodelaceae
8mp_190520_11_46_50_949460.jpg,Bee,Bee,Asphodelaceae
8mp_190520_11_46_51_655292.jpg,Bee,Bee,Asphodelaceae
8mp_190520_11_46_54_573866.jpg,Bee,no_detection,Asphodelaceae
8mp_190520_11_46_55_237901.jpg,Bee,no_detection,Asphodelaceae
8mp_190520_11_46_55_939692.jpg,Bee,no_detection,Asphodelaceae
8mp_190520_11_46_56_714489.jpg,Bee,no_detection,Asphodelaceae
8mp_190520_11_46_57_379420.jpg,Bee,Bee,Asphodelaceae
8mp_190520_11_46_58_082764.jpg,Bee,Bee,Asphodelaceae
8mp_190520_11_46_58_856954.jpg,Bee,no_detection,Asphodelaceae
8mp_190520_11_46_59_580712.jpg,Bee,no_detection,Asphodelaceae
8mp_190520_11_47_00_355855.jpg,Bee,Bee,Asphodelaceae
8mp_190520_11_47_01_019626.jpg,Bee,no_detection,Asphodelaceae
8mp_190520_11_47_06_829480.jpg,Bee,Bee,Asphodelaceae
8mp_190520_11_47_07_602611.jpg,Bee,Bee,Asphodelaceae
8mp_190520_11_47_08_322462.jpg,Bee,Bee,Asphodelaceae
8mp_190520_11_47_10_464651.jpg,Bee,Bee,Asphodelaceae
8mp_190520_11_47_11_239268.jpg,Bee,Bee,Asphodelaceae
8mp_190520_11_47_11_902943.jpg,Bee,Bee,Asphodelaceae
8mp_190520_11_47_12_606758.jpg,Bee,Bee,Asphodelaceae
8mp_190520_11_47_13_380963.jpg,Bee,Bee,Asphodelaceae
8mp_190520_11_47_14_752127.jpg,Bee,Bee,Asphodelaceae
8mp_190520_11_47_17_668293.jpg,Bee,Bee,Asphodelaceae
8mp_190520_11_47_19_036701.jpg,Bee,no_detection,Asphodelaceae
8mp_190520_11_47_36_306284.jpg,Bee,Bee,Asphodelaceae
8mp_190520_11_47_36_969999.jpg,Bee,Bee,Asphodelaceae
8mp_190520_11_48_48_187845.jpg,Bee,Bee,Asphodelaceae
8mp_190520_11_48_49_670799.jpg,Bee,Bee,Asphodelaceae
8mp_190520_11_48_50_330388.jpg,Bee,no_detection,Asphodelaceae
8mp_190520_11_48_51_037295.jpg,Bee,no_detection,Asphodelaceae
8mp_200520_16_33_03_472570.jpg,Bee,Bee,Asphodelaceae
8mp_200520_16_33_05_025339.jpg,Bee,Bee,Asphodelaceae
8mp_210520_19_07_42_574572.jpg,Bee,Bee,Asphodelaceae
8mp_210520_19_07_44_143478.jpg,Bee,Bee,Asphodelaceae
8mp_210520_19_07_45_931842.jpg,Bee,Bee,Asphodelaceae
8mp_210520_19_27_03_270149.jpg,Bee,Bee,Asphodelaceae
943f462abb9d89062bac53caebf78da7.jpg,Bee,no_detection,Fabaceae
94c113613080cb8d865108ea723facb3.jpg,Bee,Wasp,Aizoaceae
991a9efce5fef56ce8c9b7394c63287c.jpg,Bee,no_detection,Papaveraceae
9ad479b821e5ecc00d0e7fb2cc684731.jpg,Bee,Bee,Fabaceae
9c097a83da0a2d1edbba2ebe790dcdea.jpg,Bee,no_detection,Orchidaceae
9f78133767719813561aab042394d9ac.jpg,Diptera,no_detection,Euphorbiaceae
a0aee8945b88b1b1c0b9c17585a3dc5c.jpg,Bee,no_detection,Fabaceae
a1978485e6717ad269ba855df1048fd4.jpg,Coleoptera,Coleoptera,Asphodelaceae
a2854ecc2bbdfcad1a0346e8ed5f8e3e.jpg,Bee,no_detection,Rosaceae
a2ca3235d3cccbdb333699a7ca2443b9.jpg,Bee,Wasp,Lamiaceae
a7277862252c823ce4eb65da0cd7cb13.jpg,Bee,no_detection,Fabaceae
a76070b5d16a0ab1bccef836de24d195.jpg,Bee,Bee,Fabaceae
a815f294552421998139f923f0bec551.jpg,Bee,Bee,Ranunculaceae
a865cd81f50c02bcacbcb19c63dce95b.jpg,Bee,Bee,Fabaceae
Abeja_Scrofularia_EsGrauDunes.JPG,Bee,no_detection,Scrophulariaceae
apis_lotus_fuera_de_censo.JPG,Bee,Bee,Fabaceae
b22e15e25c30fdfe749b0fdd7aaf65dd.jpg,Bee,Bee,Ranunculaceae
b2fcf9fc4ef5b688fe08c1d824c07c3d.jpg,Bee,Bee,Hypericaceae
b51b13667d50f986abe2a86547f8eed6.jpg,Bee,Bee,Asteraceae
b71312576bb1b8f98ff6ec0c38df0edd.jpg,Bee,no_detection,Asteraceae
b7b2b3cf74b6c164700f6d057a6db317.jpg,Lepidoptera,Lepidoptera,Lamiaceae
b7b2b3cf74b6c164700f6d057a6db317.jpg,Lepidoptera,Lepidoptera,Lamiaceae
b7e95db4c96bf763674e979d66044611.jpg,Wasp,Wasp,Cistaceae
b803675be184cec909cb7bc74f0c9304.jpg,Bee,Bee,Asteraceae
b892eff9307d617f10024e15509a81c3.jpg,Wasp,Wasp,Lamiaceae
ba0a5437c7c549ce522351237d78f327.jpg,Bee,no_detection,Oxalidaceae
ba54a603024693497d3c3fe152644f79.jpg,Bee,Bee,Lamiaceae
ba5b717583c052aa6adc8ba2b02085dd.jpg,Bee,no_detection,Fabaceae
babc8a8c90853739e035d708693161b5.jpg,Bee,Coleoptera,Convolvulaceae
bbd05b706f536f6e651dce466d41f54e.jpg,Bee,Hoverfly,Boraginaceae
bd5c931e1959f8e6890e0e725566b4fb.jpg,Bee,no_detection,Lamiaceae
bee44dcfa0774a97bbb8af1c4e0cd8ee.jpg,Bee,no_detection,Fabaceae
bf86f00e46602572195e5a81890a29d0.jpg,Bee,no_detection,Boraginaceae
bf9ebb5809adc68326a28213179dd08a.jpg,Bee,no_detection,Lamiaceae
bfedde3782915c7fa16a1c7768169825.jpg,Bee,Bee,Lamiaceae
c6769bec1e6e22793cb8f11673b79a37.jpg,Wasp,no_detection,Dipsacaceae
cd1e7f13af0274beaa5180487e90ed2f.jpg,Bee,no_detection,Papaveraceae
cdf70cc23334fae8a1ed3fbe09be6cd6.jpg,Wasp,Wasp,Lamiaceae
ce668f4156af88ca2db3324dd068129c.jpg,Bee,no_detection,Fabaceae
censo2_foto3.JPG,Wasp,Wasp,Thymelaeaceae
censo3_foto2.JPG,Bee,Bee,Lamiaceae
censo3_foto3.JPG,Bee,Bee,Amaranthaceae
censo3_foto4.JPG,Bee,no_detection,Amaranthaceae
censo3_foto5.JPG,Bee,Bee,Cyperaceae
censo5_.JPG,Bee,no_detection,Asteraceae
coleoptero.JPG,Coleoptera,Coleoptera,Caprifoliaceae
coleoptero_fuera_de_censo.JPG,Coleoptera,no_detection,Cistaceae
d0026a1f79703bf818a6cd6f13451aeb.jpg,Diptera,no_detection,Amaryllidaceae
d148c4b52743f8500d6b0964459e173c.jpg,Coleoptera,Wasp,Apiaceae
d15fab27bbfa2e6fdaadf33109d85deb.jpg,Diptera,Coleoptera,Asteraceae
d15fab27bbfa2e6fdaadf33109d85deb.jpg,Coleoptera,Coleoptera,Asteraceae
d4b1b2d0f661dac7856f9e6d687a9271.jpg,Coleoptera,Coleoptera,Cistaceae
d863afb23afffdbb8228f2ec2c04b0f2.jpg,Coleoptera,Coleoptera,Asteraceae
dce5e77055741cae51bc26cbb0fee192.jpg,Coleoptera,no_detection,Apiaceae
DSC01734.JPG,Coleoptera,Coleoptera,Asteraceae
DSC01734.JPG,Coleoptera,Coleoptera,Asteraceae
DSC01735.JPG,Coleoptera,Coleoptera,Asteraceae
DSC01735.JPG,Coleoptera,Coleoptera,Asteraceae
DSC01736.JPG,Coleoptera,no_detection,Asteraceae
DSC01736.JPG,Coleoptera,no_detection,Asteraceae
DSC01742.JPG,Coleoptera,Coleoptera,Asteraceae
DSC01743.JPG,Coleoptera,Coleoptera,Asteraceae
DSC01745.JPG,Coleoptera,Coleoptera,Asteraceae
DSC01746.JPG,Coleoptera,Coleoptera,Asteraceae
DSC01749.JPG,Bee,no_detection,Lamiaceae
DSC01750.JPG,Bee,no_detection,Lamiaceae
DSC01803.JPG,Coleoptera,Bee,Asphodelaceae
DSC01804.JPG,Coleoptera,no_detection,Asphodelaceae
DSC01813.JPG,Bee,Bee,Asphodelaceae
DSC01814.JPG,Bee,Bee,Asphodelaceae
DSC01816.JPG,Bee,Bee,Asphodelaceae
DSC01818.JPG,Bee,Bee,Asphodelaceae
DSC01819.JPG,Bee,no_detection,Asphodelaceae
DSC01820.JPG,Bee,Bee,Asphodelaceae
DSC01820.JPG,Bee,Bee,Asphodelaceae
DSC02041.JPG,Bee,Bee,Asteraceae
DSC02057.JPG,Bee,Bee,Asteraceae
DSC02070.JPG,Bee,Bee,Asteraceae
DSC02072.JPG,Bee,Others,Asteraceae
DSC02073.JPG,Bee,Others,Asteraceae
DSC02073.JPG,Others,Others,Asteraceae
DSC02074.JPG,Others,Others,Asteraceae
DSC02074.JPG,Bee,Others,Asteraceae
DSC02075.JPG,Bee,Bee,Asteraceae
DSC02077.JPG,Bee,no_detection,Asteraceae
DSC02078.JPG,Bee,Bee,Asteraceae
DSC02079.JPG,Bee,no_detection,Asteraceae
DSC02082.JPG,Bee,Bee,Asteraceae
DSC02083.JPG,Coleoptera,Bee,Brassicaceae
DSC02093.JPG,Lepidoptera,Lepidoptera,Dipsacaceae
DSC02093.JPG,Others,Lepidoptera,Dipsacaceae
DSC02102.JPG,Lepidoptera,Lepidoptera,Dipsacaceae
DSC02106.JPG,Lepidoptera,Lepidoptera,Dipsacaceae
DSC02106.JPG,Lepidoptera,Lepidoptera,Dipsacaceae
DSC02107.JPG,Lepidoptera,Lepidoptera,Dipsacaceae
DSC02107.JPG,Lepidoptera,Lepidoptera,Dipsacaceae
DSC02108.JPG,Lepidoptera,Lepidoptera,Dipsacaceae
DSC02108.JPG,Lepidoptera,Lepidoptera,Dipsacaceae
DSC02108.JPG,Lepidoptera,Lepidoptera,Dipsacaceae
DSC02108.JPG,Lepidoptera,Lepidoptera,Dipsacaceae
DSC02109.JPG,Lepidoptera,Lepidoptera,Dipsacaceae
DSC02110.JPG,Lepidoptera,no_detection,Dipsacaceae
DSC02111.JPG,Lepidoptera,Lepidoptera,Dipsacaceae
DSC02111.JPG,Lepidoptera,Lepidoptera,Dipsacaceae
DSC02115.JPG,Lepidoptera,Lepidoptera,Dipsacaceae
DSC02115.JPG,Lepidoptera,Lepidoptera,Dipsacaceae
DSC02120.JPG,Lepidoptera,no_detection,Convolvulaceae
DSC02121.JPG,Lepidoptera,Lepidoptera,Dipsacaceae
DSC02127.JPG,Lepidoptera,Lepidoptera,Dipsacaceae
DSC02127.JPG,Lepidoptera,Lepidoptera,Dipsacaceae
DSC02127.JPG,Lepidoptera,Lepidoptera,Dipsacaceae
DSC02129.JPG,Lepidoptera,Lepidoptera,Dipsacaceae
DSC02129.JPG,Lepidoptera,Lepidoptera,Dipsacaceae
DSC02399.JPG,Wasp,Wasp,Plumbaginaceae
DSC02403.JPG,Wasp,Wasp,Plumbaginaceae
DSC02406.JPG,Wasp,Wasp,Plumbaginaceae
DSC02407.JPG,Wasp,Wasp,Plumbaginaceae
DSC02408.JPG,Wasp,Wasp,Plumbaginaceae
DSC02413.JPG,Wasp,Wasp,Plumbaginaceae
DSC09773.JPG,Coleoptera,Coleoptera,Asteraceae
DSC09773.JPG,Coleoptera,Coleoptera,Asteraceae
DSC09774.JPG,Coleoptera,Coleoptera,Asteraceae
DSC09774.JPG,Coleoptera,Coleoptera,Asteraceae
DSC09775.JPG,Coleoptera,Coleoptera,Asteraceae
DSC09775.JPG,Coleoptera,Coleoptera,Asteraceae
DSCF0195.JPG,Bee,no_detection,Ericaceae
DSCF0196.JPG,Bee,no_detection,Ericaceae
DSCF0200.JPG,Bee,Bee,Ericaceae
DSCF0201.JPG,Bee,no_detection,Ericaceae
DSCF0203.JPG,Bee,Bee,Ericaceae
DSCF0204.JPG,Bee,Bee,Ericaceae
DSCF0207.JPG,Bee,Bee,Ericaceae
DSCF2114.JPG,Bee,no_detection,Resedaceae
DSCF2121.JPG,Coleoptera,Coleoptera,Resedaceae
DSCF2128.JPG,Bee,Bee,Resedaceae
DSCF2133.JPG,Bee,no_detection,Resedaceae
DSCF2134.JPG,Bee,no_detection,Resedaceae
DSCF2136.JPG,Wasp,no_detection,Resedaceae
DSCF2144.JPG,Coleoptera,Coleoptera,Asteraceae
DSCF2149.JPG,Coleoptera,Coleoptera,Asteraceae
DSCF2149.JPG,Coleoptera,Coleoptera,Asteraceae
DSCF2149.JPG,Coleoptera,Coleoptera,Asteraceae
DSCF2284.JPG,Bee,Bee,Asteraceae
DSCF2285.JPG,Bee,Bee,Asteraceae
DSCF2286.JPG,Bee,Bee,Asteraceae
DSCF2287.JPG,Bee,Bee,Asteraceae
DSCF2288.JPG,Bee,no_detection,Asteraceae
DSCF2361.JPG,Bee,Bee,Asteraceae
DSCF2362.JPG,Bee,Bee,Asteraceae
DSCF2426.JPG,Bee,no_detection,Fabaceae
DSCF2427.JPG,Bee,Bee,Fabaceae
DSCF2428.JPG,Bee,Bee,Fabaceae
DSCF2429.JPG,Bee,Bee,Fabaceae
DSCF2430.JPG,Bee,Bee,Fabaceae
DSCF2431.JPG,Bee,Bee,Fabaceae
DSCF2433.JPG,Bee,Bee,Fabaceae
DSCF2434.JPG,Bee,Bee,Fabaceae
DSCF2436.JPG,Bee,Bee,Fabaceae
DSCF2437.JPG,Bee,Bee,Fabaceae
DSCF2439.JPG,Bee,Bee,Fabaceae
DSCF2440.JPG,Bee,Bee,Fabaceae
DSCF2444.JPG,Bee,Bee,Boraginaceae
DSCF2445.JPG,Bee,no_detection,Boraginaceae
DSCF2446.JPG,Bee,Bee,Boraginaceae
DSCF2449.JPG,Bee,Bee,Boraginaceae
DSCF2450.JPG,Bee,Bee,Boraginaceae
DSCF2452.JPG,Bee,Bee,Boraginaceae
DSCF2452.JPG,Bee,Bee,Boraginaceae
DSCF2453.JPG,Bee,Bee,Boraginaceae
DSCF2454.JPG,Bee,Bee,Boraginaceae
DSCF2455.JPG,Bee,Bee,Boraginaceae
DSCF2456.JPG,Bee,Bee,Boraginaceae
DSCF2458.JPG,Bee,Bee,Boraginaceae
DSCF2461.JPG,Bee,Bee,Asteraceae
DSCF2465.JPG,Bee,Bee,Asteraceae
DSCF2467.JPG,Bee,Bee,Asteraceae
DSCF2468.JPG,Bee,Bee,Asteraceae
DSCF2469.JPG,Bee,Bee,Asteraceae
DSCF2471.JPG,Bee,Bee,Asteraceae
DSCF2473.JPG,Bee,Bee,Asteraceae
DSCF2474.JPG,Bee,Bee,Asteraceae
DSCF2475.JPG,Bee,Bee,Asteraceae
DSCF2477.JPG,Bee,Bee,Asteraceae
DSCF2478.JPG,Bee,Bee,Asteraceae
DSCF2479.JPG,Bee,Bee,Asteraceae
DSCF2481.JPG,Bee,Bee,Asteraceae
DSCF2484.JPG,Lepidoptera,Lepidoptera,Fabaceae
DSCF2489.JPG,Lepidoptera,Lepidoptera,Fabaceae
DSCF2493.JPG,Bee,no_detection,Boraginaceae
DSCF2494.JPG,Bee,Bee,Boraginaceae
DSCF2502.JPG,Bee,Diptera,Plumbaginaceae
DSCF2516.JPG,Diptera,no_detection,Plumbaginaceae
DSCF2518.JPG,Diptera,Diptera,Plumbaginaceae
DSCF2521.JPG,Diptera,Diptera,Plumbaginaceae
DSCF2531.JPG,Diptera,Diptera,Crassulaceae
DSCF2532.JPG,Diptera,no_detection,Crassulaceae
DSCF2534.JPG,Diptera,Diptera,Crassulaceae
DSCF2535.JPG,Diptera,Diptera,Crassulaceae
DSCF2538.JPG,Diptera,Diptera,Crassulaceae
DSCF2541.JPG,Diptera,Diptera,Crassulaceae
DSCF2543.JPG,Diptera,Diptera,Crassulaceae
DSCF2544.JPG,Diptera,Diptera,Cactaceae
DSCF2546.JPG,Diptera,Diptera,Cactaceae
DSCF2547.JPG,Diptera,no_detection,Cactaceae
DSCF2567.JPG,Coleoptera,Coleoptera,Asteraceae
DSCF2568.JPG,Coleoptera,Coleoptera,Asteraceae
DSCF2569.JPG,Coleoptera,Coleoptera,Asteraceae
DSCF2572.JPG,Diptera,no_detection,Asteraceae
DSCF2573.JPG,Diptera,Diptera,Asteraceae
DSCF2575.JPG,Diptera,Diptera,Asteraceae
DSCF2576.JPG,Diptera,Diptera,Asteraceae
DSCF2578.JPG,Diptera,Diptera,Asteraceae
DSCF2582.JPG,Diptera,Diptera,Asteraceae
DSCF2583.JPG,Diptera,Diptera,Asteraceae
DSCF2584.JPG,Diptera,Diptera,Asteraceae
DSCF2585.JPG,Diptera,Diptera,Asteraceae
DSCF2586.JPG,Diptera,Diptera,Asteraceae
DSCF2587.JPG,Diptera,Diptera,Asteraceae
DSCF2589.JPG,Diptera,Diptera,Asteraceae
DSCF2592.JPG,Diptera,Diptera,Asteraceae
DSCF2593.JPG,Bee,no_detection,Lamiaceae
DSCF2594.JPG,Lepidoptera,Lepidoptera,Asteraceae
DSCF2600.JPG,Diptera,Diptera,Asteraceae
DSCF2601.JPG,Diptera,Diptera,Asteraceae
DSCF2603.JPG,Diptera,Diptera,Asteraceae
DSCF2605.JPG,Bee,Bee,Lamiaceae
DSCF2606.JPG,Bee,Bee,Lamiaceae
DSCF2609.JPG,Bee,no_detection,Brassicaceae
DSCF2611.JPG,Bee,Bee,Brassicaceae
DSCF2612.JPG,Bee,Bee,Brassicaceae
DSCF2613.JPG,Bee,no_detection,Lamiaceae
DSCF2617.JPG,Bee,Bee,Lamiaceae
DSCF2618.JPG,Bee,Bee,Lamiaceae
DSCF2619.JPG,Bee,no_detection,Lamiaceae
DSCF2622.JPG,Bee,Bee,Lamiaceae
DSCF2623.JPG,Bee,no_detection,Lamiaceae
DSCF2624.JPG,Bee,no_detection,Lamiaceae
DSCF2646.JPG,Bee,no_detection,Brassicaceae
DSCF2648.JPG,Bee,Bee,Brassicaceae
DSCF2649.JPG,Bee,Bee,Brassicaceae
DSCF2650.JPG,Bee,Bee,Brassicaceae
DSCF2651.JPG,Bee,Bee,Fabaceae
DSCF2652.JPG,Bee,no_detection,Fabaceae
DSCF2653.JPG,Bee,no_detection,Asteraceae
DSCF2654.JPG,Bee,no_detection,Asteraceae
DSCF2655.JPG,Bee,Bee,Fabaceae
DSCF2656.JPG,Bee,Bee,Fabaceae
DSCF2658.JPG,Bee,Bee,Fabaceae
DSCF2659.JPG,Bee,Bee,Fabaceae
DSCF2661.JPG,Bee,Diptera,Fabaceae
DSCF2663.JPG,Bee,Bee,Asteraceae
DSCF2664.JPG,Bee,Bee,Asteraceae
DSCF2665.JPG,Bee,no_detection,Asteraceae
DSCF2677.JPG,Diptera,no_detection,Plumbaginaceae
DSCF2679.JPG,Diptera,no_detection,Plumbaginaceae
DSCF2680.JPG,Diptera,no_detection,Plumbaginaceae
DSC_0001.JPG,Bee,Diptera,Plumbaginaceae
DSC_0002.JPG,Bee,Diptera,Plumbaginaceae
DSC_0003.JPG,Bee,Diptera,Plumbaginaceae
DSC_0008.JPG,Bee,Bee,Boraginaceae
DSC_0009.JPG,Bee,no_detection,Fabaceae
DSC_0010.JPG,Bee,Bee,Plumbaginaceae
DSC_0011.JPG,Bee,Bee,Plumbaginaceae
DSC_0015.JPG,Bee,Bee,Asteraceae
DSC_0016.JPG,Bee,Bee,Asteraceae
DSC_0017.JPG,Bee,Bee,Asteraceae
DSC_0019.JPG,Bee,no_detection,Plumbaginaceae
DSC_0020.JPG,Bee,no_detection,Plumbaginaceae
DSC_0021.JPG,Bee,no_detection,Plumbaginaceae
DSC_0022.JPG,Bee,no_detection,Plumbaginaceae
DSC_0036.JPG,Diptera,Diptera,Plumbaginaceae
DSC_0039.JPG,Diptera,Diptera,Plumbaginaceae
DSC_0040.JPG,Diptera,no_detection,Plumbaginaceae
DSC_0041.JPG,Diptera,no_detection,Plumbaginaceae
DSC_0043.JPG,Bee,Bee,Solanaceae
DSC_0044.JPG,Bee,Bee,Fabaceae
DSC_0045.JPG,Bee,Bee,Fabaceae
DSC_0049.JPG,Bee,Bee,Fabaceae
DSC_0050.JPG,Bee,Bee,Fabaceae
DSC_0051.JPG,Bee,Bee,Fabaceae
DSC_0052.JPG,Bee,Bee,Fabaceae
DSC_0053.JPG,Lepidoptera,no_detection,Plumbaginaceae
DSC_0055.JPG,Bee,no_detection,Fabaceae
DSC_0057.JPG,Bee,no_detection,Fabaceae
DSC_0058.JPG,Bee,Bee,Fabaceae
DSC_0061.JPG,Bee,no_detection,Asteraceae
DSC_0070.JPG,Diptera,Diptera,Plumbaginaceae
DSC_0072.JPG,Diptera,Diptera,Plumbaginaceae
DSC_0073.JPG,Diptera,Diptera,Plumbaginaceae
DSC_0075.JPG,Diptera,Diptera,Fabaceae
DSC_0076.JPG,Diptera,no_detection,Fabaceae
DSC_0078.JPG,Diptera,Diptera,Plumbaginaceae
DSC_0079.JPG,Diptera,Diptera,Plumbaginaceae
DSC_0080.JPG,Diptera,Diptera,Plumbaginaceae
DSC_0082.JPG,Diptera,Diptera,Plumbaginaceae
DSC_0092.JPG,Others,no_detection,Euphorbiaceae
DSC_0092.JPG,Bee,no_detection,Euphorbiaceae
DSC_0094.JPG,Others,Others,Euphorbiaceae
DSC_0094.JPG,Others,Others,Euphorbiaceae
DSC_0094.JPG,Bee,Others,Euphorbiaceae
DSC_0117.JPG,Coleoptera,Coleoptera,Brassicaceae
DSC_0119.JPG,Coleoptera,Coleoptera,Brassicaceae
DSC_0121.JPG,Coleoptera,Coleoptera,Brassicaceae
DSC_0123.JPG,Coleoptera,Coleoptera,Brassicaceae
DSC_0125.JPG,Bee,no_detection,Asteraceae
DSC_0129.JPG,Bee,Coleoptera,Asteraceae
DSC_0129.JPG,Bee,Coleoptera,Asteraceae
DSC_0130.JPG,Bee,Coleoptera,Asteraceae
DSC_0130.JPG,Bee,Coleoptera,Asteraceae
DSC_0131.JPG,Bee,Bee,Asteraceae
DSC_0131.JPG,Bee,Bee,Asteraceae
DSC_0134.JPG,Bee,Bee,Asteraceae
DSC_0135.JPG,Bee,Bee,Asteraceae
DSC_0136.JPG,Diptera,Diptera,Asteraceae
DSC_0142.JPG,Bee,Bee,Fabaceae
DSC_0143.JPG,Bee,Bee,Fabaceae
DSC_0144.JPG,Bee,Bee,Fabaceae
DSC_0145.JPG,Bee,Bee,Fabaceae
DSC_0146.JPG,Bee,Bee,Fabaceae
DSC_0150.JPG,Bee,Bee,Fabaceae
DSC_0162.JPG,Lepidoptera,Lepidoptera,Convolvulaceae
DSC_0163.JPG,Lepidoptera,Lepidoptera,Convolvulaceae
DSC_0165.JPG,Lepidoptera,Lepidoptera,Convolvulaceae
DSC_0167.JPG,Lepidoptera,Lepidoptera,Lamiaceae
DSC_0168.JPG,Lepidoptera,Lepidoptera,Convolvulaceae
DSC_0170.JPG,Lepidoptera,no_detection,Convolvulaceae
e853b43b3f372ef15994137492a7510c.jpg,Bee,Bee,Asteraceae
e9aead40e0547b588cf4c8936e6e874c.jpg,Bee,no_detection,Asteraceae
ea232b6917638bcd7a307f8061f7c485.jpg,Bee,no_detection,Asteraceae
eb66e793dd9a40dc535101d6930405a0.jpg,Coleoptera,no_detection,Asteraceae
f09d01bd6347baf2a648a238e131737c.jpg,Bee,no_detection,Lamiaceae
f4da384774ccc6b43ab51ebee7b78d51.jpg,Wasp,no_detection,Hypericaceae
f708b122fa4d0f6460731d91f45947d9.jpg,Bee,Bee,Asteraceae
fab9cc6908b23aee59e1e293d5824b46.jpg,Diptera,no_detection,Asteraceae
image-1320.jpg,Bee,Bee,Asteraceae
image-1321.jpg,Bee,Bee,Asteraceae
image-1322.jpg,Bee,Bee,Asteraceae
image-1323.jpg,Bee,Bee,Asteraceae
image-1324.jpg,Bee,Bee,Asteraceae
image-1806.jpg,Bee,Bee,Asteraceae
image-1807.jpg,Bee,Bee,Asteraceae
image-1808.jpg,Bee,Bee,Asteraceae
image-2096.jpg,Bee,Bee,Asteraceae
image-6486.jpg,Bee,Bee,Asteraceae
image-6487.jpg,Bee,Bee,Asteraceae
Image2020-02-13-12-51-09.jpg,Bee,no_detection,Lamiaceae
Image2020-02-13-13-25-03.jpg,Bee,no_detection,Lamiaceae
Image2020-02-13-13-25-14.jpg,Bee,no_detection,Lamiaceae
Image2020-02-13-13-26-58.jpg,Bee,no_detection,Lamiaceae
Image2020-02-13-13-38-16.jpg,Bee,no_detection,Lamiaceae
IMG_20210420_145120.jpg,Coleoptera,Coleoptera,Malvaceae
IMG_20210421_140830.jpg,Coleoptera,Coleoptera,Rubiaceae
IMG_20210421_162746.jpg,Coleoptera,Coleoptera,Asteraceae
IMG_20210421_162749.jpg,Coleoptera,no_detection,Asteraceae
IMG_20210421_162801.jpg,Coleoptera,Coleoptera,Asteraceae
IMG_20210421_170620.jpg,Coleoptera,Coleoptera,Asteraceae
IMG_20210421_170850.jpg,Wasp,no_detection,Asteraceae
IMG_20210421_170850.jpg,Wasp,no_detection,Asteraceae
IMG_20210421_172004.jpg,Coleoptera,Coleoptera,Asteraceae
IMG_20210421_174713.jpg,Coleoptera,Coleoptera,Asteraceae
IMG_20210421_174724.jpg,Coleoptera,no_detection,Asteraceae
IMG_20210421_175647.jpg,Hoverfly,Hoverfly,Caryophyllaceae
IMG_20210422_133527.jpg,Bee,Bee,Asteraceae
IMG_20210422_133552.jpg,Bee,Bee,Asteraceae
IMG_20210422_133553.jpg,Bee,Bee,Asteraceae
IMG_20210422_133736.jpg,Bee,Bee,Asteraceae
IMG_20210422_133742.jpg,Bee,Bee,Asteraceae
IMG_20210422_134810.jpg,Bee,Bee,Asteraceae
IMG_20210422_134811.jpg,Bee,Bee,Asteraceae
IMG_20210422_134813.jpg,Bee,Diptera,Asteraceae
IMG_20210422_134817.jpg,Bee,Diptera,Asteraceae
IMG_20210422_134820.jpg,Bee,no_detection,Asteraceae
IMG_20210422_134823.jpg,Bee,Bee,Asteraceae
IMG_20210422_134829.jpg,Bee,no_detection,Asteraceae
IMG_20210422_134832.jpg,Bee,Coleoptera,Asteraceae
IMG_20210422_134833.jpg,Bee,Bee,Asteraceae
IMG_20210422_134837.jpg,Bee,Bee,Asteraceae
IMG_20210422_134839.jpg,Bee,no_detection,Asteraceae
IMG_20210422_151312.jpg,Coleoptera,Coleoptera,Brassicaceae
IMG_20210422_151315.jpg,Coleoptera,Coleoptera,Brassicaceae
IMG_20210504_142413.jpg,Coleoptera,no_detection,Asteraceae
IMG_20210504_143501.jpg,Coleoptera,no_detection,Asteraceae
IMG_20210511_155209.jpg,Diptera,no_detection,Asteraceae
IMG_20210511_155306.jpg,Diptera,Diptera,Asteraceae
IMG_20210511_155307.jpg,Diptera,Diptera,Asteraceae
IMG_20210511_155325.jpg,Diptera,Diptera,Asteraceae
IMG_20210511_155356.jpg,Diptera,Diptera,Asteraceae
IMG_20210512_100743.jpg,Bee,Bee,Asteraceae
IMG_20210512_100746.jpg,Bee,Bee,Asteraceae
IMG_20210512_100758.jpg,Bee,Coleoptera,Asteraceae
IMG_20210512_141425.jpg,Coleoptera,Coleoptera,Papaveraceae
IMG_20210513_155813.jpg,Lepidoptera,Lepidoptera,Asteraceae
IMG_20210602_143802.jpg,Bee,Bee,Rosaceae
IMG_20210602_143802.jpg,Others,Bee,Rosaceae
IMG_20210602_143806.jpg,Bee,no_detection,Rosaceae
IMG_20210602_143920.jpg,Bee,Bee,Rosaceae
IMG_20210602_143927.jpg,Bee,Bee,Rosaceae
IMG_20210602_143952.jpg,Bee,Bee,Rosaceae
IMG_20210603_151827.jpg,Bee,Bee,Lamiaceae
IMG_20210603_151836.jpg,Bee,no_detection,Lamiaceae
IMG_20210603_151838.jpg,Bee,Bee,Lamiaceae
IMG_20210603_151841.jpg,Bee,Bee,Lamiaceae
IMG_20210603_172352.jpg,Coleoptera,Coleoptera,Boraginaceae
IMG_2257.JPG,Coleoptera,no_detection,Asteraceae
IMG_2257.JPG,Coleoptera,no_detection,Asteraceae
IMG_2258.JPG,Coleoptera,Diptera,Asteraceae
IMG_2261.JPG,Coleoptera,Coleoptera,Asteraceae
IMG_2262.JPG,Bee,Bee,Asteraceae
IMG_2266.JPG,Bee,Bee,Asteraceae
IMG_2273.JPG,Coleoptera,no_detection,Convolvulaceae
IMG_2275.JPG,Coleoptera,Coleoptera,Convolvulaceae
IMG_2276.JPG,Coleoptera,no_detection,Asteraceae
IMG_2276.JPG,Coleoptera,no_detection,Asteraceae
IMG_2277.JPG,Coleoptera,no_detection,Asteraceae
IMG_2282.JPG,Coleoptera,Coleoptera,Convolvulaceae
IMG_2282.JPG,Coleoptera,Coleoptera,Convolvulaceae
IMG_3493.JPG,Diptera,no_detection,Lamiaceae
IMG_3563.JPG,Diptera,Diptera,Frankeniaceae
IMG_3565.JPG,Diptera,Diptera,Frankeniaceae
IMG_3567.JPG,Diptera,no_detection,Frankeniaceae
IMG_3568.JPG,Diptera,no_detection,Frankeniaceae
IMG_3569.JPG,Diptera,no_detection,Frankeniaceae
IMG_3599.JPG,Bee,Bee,Asteraceae
IMG_3600.JPG,Bee,no_detection,Asteraceae
IMG_3602.JPG,Diptera,Diptera,Asteraceae
IMG_3604.JPG,Diptera,Diptera,Asteraceae
IMG_3606.JPG,Diptera,Diptera,Asteraceae
IMG_3612.JPG,Diptera,Diptera,Asteraceae
IMG_3618.JPG,Diptera,no_detection,Asteraceae
IMG_3618.JPG,Coleoptera,no_detection,Asteraceae
IMG_3618.JPG,Coleoptera,no_detection,Asteraceae
IMG_3619.JPG,Coleoptera,Diptera,Asteraceae
IMG_3619.JPG,Coleoptera,Diptera,Asteraceae
IMG_3619.JPG,Diptera,Diptera,Asteraceae
IMG_3624.JPG,Coleoptera,no_detection,Asteraceae
IMG_3624.JPG,Bee,no_detection,Asteraceae
IMG_3625.JPG,Bee,no_detection,Asteraceae
IMG_3627.JPG,Bee,no_detection,Asteraceae
IMG_3629.JPG,Bee,Diptera,Asteraceae
IMG_3630.JPG,Bee,Diptera,Asteraceae
IMG_3635.JPG,Bee,no_detection,Asteraceae
IMG_3636.JPG,Bee,no_detection,Asteraceae
IMG_3638.JPG,Bee,no_detection,Asteraceae
IMG_3683.JPG,Bee,Diptera,Asteraceae
IMG_3684.JPG,Bee,no_detection,Asteraceae
IMG_3686.JPG,Bee,Bee,Asteraceae
IMG_3687.JPG,Bee,Bee,Asteraceae
IMG_3702.JPG,Hoverfly,no_detection,Asteraceae
IMG_3705.JPG,Others,Others,Asteraceae
IMG_3706.JPG,Others,no_detection,Asteraceae
IMG_3711.JPG,Others,Coleoptera,Asteraceae
IMG_3734.JPG,Diptera,Diptera,Apiaceae
IMG_3750.JPG,Diptera,Diptera,Apiaceae
IMG_3751.JPG,Diptera,Diptera,Apiaceae
IMG_3753.JPG,Diptera,Diptera,Apiaceae
IMG_3759.JPG,Diptera,Diptera,Apiaceae
IMG_3760.JPG,Diptera,no_detection,Apiaceae
IMG_3836.JPG,Wasp,no_detection,Asteraceae
IMG_3836.JPG,Coleoptera,no_detection,Asteraceae
IMG_3837.JPG,Wasp,Wasp,Asteraceae
IMG_3837.JPG,Coleoptera,Wasp,Asteraceae
IMG_3838.JPG,Wasp,Wasp,Asteraceae
IMG_3838.JPG,Others,Wasp,Asteraceae
IMG_3839.JPG,Others,no_detection,Asteraceae
IMG_3839.JPG,Others,no_detection,Asteraceae
IMG_3839.JPG,Wasp,no_detection,Asteraceae
IMG_3840.JPG,Wasp,Coleoptera,Asteraceae
IMG_3840.JPG,Coleoptera,Coleoptera,Asteraceae
IMG_3840.JPG,Coleoptera,Coleoptera,Asteraceae
IMG_3842.JPG,Diptera,Diptera,Asteraceae
IMG_3843.JPG,Diptera,Diptera,Asteraceae
IMG_3845.JPG,Diptera,Diptera,Asteraceae
IMG_3846.JPG,Diptera,Diptera,Asteraceae
IMG_3848.JPG,Diptera,Diptera,Asteraceae
IMG_3850.JPG,Diptera,Diptera,Asteraceae
IMG_3852.JPG,Diptera,Diptera,Asteraceae
IMG_3856.JPG,Diptera,Diptera,Asteraceae
IMG_3857.JPG,Diptera,Diptera,Asteraceae
IMG_3859.JPG,Diptera,Diptera,Asteraceae
IMG_3860.JPG,Diptera,Bee,Asteraceae
IMG_3968.JPG,Coleoptera,Bee,Fabaceae
IMG_3969.JPG,Coleoptera,Coleoptera,Fabaceae
IMG_3973.JPG,Coleoptera,Coleoptera,Asteraceae
IMG_4001.JPG,Diptera,Diptera,Fabaceae
IMG_4005.JPG,Diptera,Diptera,Fabaceae
IMG_4011.JPG,Diptera,no_detection,Asteraceae
IMG_4012.JPG,Diptera,Diptera,Asteraceae
IMG_4027.JPG,Bee,Bee,Asteraceae
IMG_4028.JPG,Bee,no_detection,Asteraceae
IMG_4029.JPG,Others,no_detection,Asteraceae
IMG_4029.JPG,Coleoptera,no_detection,Asteraceae
IMG_4030.JPG,Others,Coleoptera,Asteraceae
IMG_4030.JPG,Coleoptera,Coleoptera,Asteraceae
IMG_4193.JPG,Bee,Bee,Brassicaceae
IMG_4194.JPG,Bee,Bee,Brassicaceae
IMG_4222.JPG,Wasp,no_detection,Plumbaginaceae
IMG_4223.JPG,Wasp,Wasp,Plumbaginaceae
IMG_4224.JPG,Wasp,no_detection,Brassicaceae
IMG_4228.JPG,Wasp,no_detection,Polygonaceae
IMG_4232.JPG,Wasp,no_detection,Fabaceae
IMG_4243.JPG,Bee,Coleoptera,Asteraceae
IMG_4243.JPG,Coleoptera,Coleoptera,Asteraceae
IMG_4245.JPG,Bee,Bee,Asteraceae
IMG_4245.JPG,Wasp,Bee,Asteraceae
IMG_4247.JPG,Bee,no_detection,Asteraceae
IMG_4248.JPG,Bee,no_detection,Asteraceae
IMG_4249.JPG,Bee,no_detection,Asteraceae
IMG_4256.JPG,Coleoptera,no_detection,Asteraceae
IMG_4262.JPG,Coleoptera,no_detection,Asteraceae
IMG_4264.JPG,Coleoptera,no_detection,Asteraceae
IMG_4286.JPG,Bee,Bee,Fabaceae
IMG_4287.JPG,Bee,no_detection,Fabaceae
IMG_4288.JPG,Bee,no_detection,Fabaceae
IMG_4289.JPG,Bee,no_detection,Fabaceae
IMG_4291.JPG,Bee,no_detection,Fabaceae
IMG_4295.JPG,Bee,Bee,Fabaceae
IMG_4296.JPG,Bee,Bee,Fabaceae
IMG_4298.JPG,Bee,Bee,Fabaceae
IMG_4316.JPG,Others,Others,Apiaceae
IMG_4316.JPG,Others,Others,Apiaceae
IMG_4316.JPG,Others,Others,Apiaceae
IMG_4316.JPG,Others,Others,Apiaceae
IMG_4316.JPG,Others,Others,Apiaceae
IMG_4316.JPG,Others,Others,Apiaceae
IMG_4316.JPG,Others,Others,Apiaceae
IMG_4317.JPG,Others,Others,Apiaceae
IMG_4317.JPG,Others,Others,Apiaceae
IMG_4317.JPG,Others,Others,Apiaceae
IMG_4317.JPG,Others,Others,Apiaceae
IMG_4317.JPG,Others,Others,Apiaceae
IMG_4317.JPG,Others,Others,Apiaceae
IMG_4318.JPG,Others,Others,Apiaceae
IMG_4318.JPG,Others,Others,Apiaceae
IMG_4318.JPG,Others,Others,Apiaceae
IMG_4318.JPG,Others,Others,Apiaceae
IMG_4319.JPG,Others,Others,Apiaceae
IMG_4319.JPG,Others,Others,Apiaceae
IMG_4319.JPG,Others,Others,Apiaceae
IMG_4319.JPG,Others,Others,Apiaceae
IMG_4319.JPG,Others,Others,Apiaceae
IMG_4321.JPG,Others,no_detection,Apiaceae
IMG_4343.JPG,Bee,no_detection,Boraginaceae
IMG_4344.JPG,Bee,no_detection,Asteraceae
IMG_4348.JPG,Diptera,no_detection,Asteraceae
IMG_4349.JPG,Diptera,no_detection,Asteraceae
IMG_4350.JPG,Diptera,no_detection,Asteraceae
IMG_4351.JPG,Diptera,no_detection,Asteraceae
IMG_4378.JPG,Bee,Bee,Lamiaceae
IMG_4381.JPG,Bee,no_detection,Lamiaceae
IMG_4384.JPG,Bee,Bee,Lamiaceae
IMG_4386.JPG,Bee,Bee,Lamiaceae
IMG_4387.JPG,Bee,Bee,Lamiaceae
IMG_4404.JPG,Diptera,Diptera,Euphorbiaceae
IMG_4409.JPG,Diptera,Diptera,Euphorbiaceae
IMG_4410.JPG,Diptera,Diptera,Euphorbiaceae
P1000479.jpg,Bee,no_detection,Zygophyllaceae
P1050254.JPG,Coleoptera,no_detection,Euphorbiaceae
P1050256.JPG,Diptera,Diptera,Amaranthaceae
P1050264.JPG,Bee,Bee,Amaranthaceae
P1050266.JPG,Bee,no_detection,Thymelaeaceae
P1050268.JPG,Bee,no_detection,Asteraceae
P1050269.JPG,Coleoptera,Coleoptera,Asteraceae
P1050279.JPG,Coleoptera,Coleoptera,Orobanchaceae
P1050280.JPG,Coleoptera,Coleoptera,Orobanchaceae
P1050289.JPG,Coleoptera,no_detection,Plantaginaceae
P1050291.JPG,Coleoptera,no_detection,Plantaginaceae
P1050293.JPG,Coleoptera,no_detection,Plantaginaceae
P1050293.JPG,Coleoptera,no_detection,Plantaginaceae
P1050295.JPG,Coleoptera,Coleoptera,Fabaceae
P1050297.JPG,Coleoptera,Others,Fabaceae
P1050297.JPG,Others,Others,Fabaceae
P1050297.JPG,Others,Others,Fabaceae
P1050297.JPG,Others,Others,Fabaceae
P1050299.JPG,Coleoptera,Coleoptera,Asteraceae
P1050299.JPG,Coleoptera,Coleoptera,Asteraceae
P1050299.JPG,Coleoptera,Coleoptera,Asteraceae
P1050299.JPG,Coleoptera,Coleoptera,Asteraceae
P1050300.JPG,Coleoptera,Coleoptera,Asteraceae
P1050300.JPG,Coleoptera,Coleoptera,Asteraceae
P1050301.JPG,Coleoptera,Coleoptera,Asteraceae
P1050301.JPG,Coleoptera,Coleoptera,Asteraceae
P1050301.JPG,Coleoptera,Coleoptera,Asteraceae
P1050301.JPG,Coleoptera,Coleoptera,Asteraceae
P1050311.JPG,Bee,Bee,Asteraceae
P1050314.JPG,Lepidoptera,Lepidoptera,Asteraceae
P1050322.JPG,Coleoptera,no_detection,Asphodelaceae
P1050324.JPG,Bee,no_detection,Malvaceae
P1050327.JPG,Coleoptera,Diptera,Asteraceae
P1050327.JPG,Coleoptera,Diptera,Asteraceae
P1050333.JPG,Bee,Bee,Asteraceae
P1050333.JPG,Bee,Bee,Asteraceae
P1050334.JPG,Bee,Bee,Asteraceae
P1050344.JPG,Bee,Bee,Asteraceae
P1050347.JPG,Bee,no_detection,Brassicaceae
P1050374.JPG,Lepidoptera,no_detection,Asteraceae
P1050375.JPG,Coleoptera,no_detection,Asteraceae
P1050375.JPG,Coleoptera,no_detection,Asteraceae
P1050375.JPG,Coleoptera,no_detection,Asteraceae
P1050375.JPG,Coleoptera,no_detection,Asteraceae
P1050376.JPG,Coleoptera,no_detection,Asteraceae
P1050379.JPG,Coleoptera,no_detection,Asteraceae
P1050380.JPG,Coleoptera,Coleoptera,Asteraceae
P1050380.JPG,Coleoptera,Coleoptera,Asteraceae
P1050384.JPG,Coleoptera,Coleoptera,Asteraceae
P1050384.JPG,Coleoptera,Coleoptera,Asteraceae
P1050386.JPG,Coleoptera,Coleoptera,Asteraceae
P1050388.JPG,Bee,no_detection,Asteraceae
P1050414.JPG,Diptera,no_detection,Euphorbiaceae
P1050414.JPG,Others,no_detection,Euphorbiaceae
P1050414.JPG,Others,no_detection,Euphorbiaceae
P1050414.JPG,Others,no_detection,Euphorbiaceae
P1050416.JPG,Bee,no_detection,Asteraceae
P1050417.JPG,Bee,no_detection,Asteraceae
P1050422.JPG,Coleoptera,no_detection,Brassicaceae
P1050423.JPG,Bee,Bee,Fabaceae
P1050424.JPG,Bee,no_detection,Brassicaceae
P1050429.JPG,Lepidoptera,no_detection,Convolvulaceae
P1050432.JPG,Lepidoptera,Lepidoptera,Convolvulaceae
P1050433.JPG,Coleoptera,Bee,Convolvulaceae
SAM_6263.JPG,Coleoptera,no_detection,Asteraceae
SAM_6265.JPG,Bee,no_detection,Cistaceae
SAM_6271.JPG,Diptera,Diptera,Asteraceae
SAM_6273.JPG,Diptera,Diptera,Asteraceae
SAM_6274.JPG,Diptera,Diptera,Asteraceae
SAM_6276.JPG,Coleoptera,no_detection,Cistaceae
SAM_6276.JPG,Coleoptera,no_detection,Cistaceae
SAM_6278.JPG,Bee,Bee,Lamiaceae
